{
    "variants": {
        "facing=north,half=bottom,open=false": { "model": "maidensmaterials:acacia_trapdoor_1_bottom" },
        "facing=south,half=bottom,open=false": { "model": "maidensmaterials:acacia_trapdoor_1_bottom" },
        "facing=east,half=bottom,open=false": { "model": "maidensmaterials:acacia_trapdoor_1_bottom" },
        "facing=west,half=bottom,open=false": { "model": "maidensmaterials:acacia_trapdoor_1_bottom" },
        "facing=north,half=top,open=false": { "model": "maidensmaterials:acacia_trapdoor_1_top" },
        "facing=south,half=top,open=false": { "model": "maidensmaterials:acacia_trapdoor_1_top" },
        "facing=east,half=top,open=false": { "model": "maidensmaterials:acacia_trapdoor_1_top" },
        "facing=west,half=top,open=false": { "model": "maidensmaterials:acacia_trapdoor_1_top" },
        "facing=north,half=bottom,open=true": { "model": "maidensmaterials:acacia_trapdoor_1_open" },
        "facing=south,half=bottom,open=true": { "model": "maidensmaterials:acacia_trapdoor_1_open", "y": 180 },
        "facing=east,half=bottom,open=true": { "model": "maidensmaterials:acacia_trapdoor_1_open", "y": 90 },
        "facing=west,half=bottom,open=true": { "model": "maidensmaterials:acacia_trapdoor_1_open", "y": 270 },
        "facing=north,half=top,open=true": { "model": "maidensmaterials:acacia_trapdoor_1_open" },
        "facing=south,half=top,open=true": { "model": "maidensmaterials:acacia_trapdoor_1_open", "y": 180 },
        "facing=east,half=top,open=true": { "model": "maidensmaterials:acacia_trapdoor_1_open", "y": 90 },
        "facing=west,half=top,open=true": { "model": "maidensmaterials:acacia_trapdoor_1_open", "y": 270 }
    }
}
