{
    "variants": {
        "facing=up,powered=false":    { "model": "maidensmaterials:cedar_button", "uvlock": true },
        "facing=down,powered=false":  { "model": "maidensmaterials:cedar_button", "uvlock": true, "x": 180 },
        "facing=east,powered=false":  { "model": "maidensmaterials:cedar_button", "uvlock": true, "x": 90, "y": 90 },
        "facing=west,powered=false":  { "model": "maidensmaterials:cedar_button", "uvlock": true, "x": 90, "y": 270 },
        "facing=south,powered=false": { "model": "maidensmaterials:cedar_button", "uvlock": true, "x": 90, "y": 180 },
        "facing=north,powered=false": { "model": "maidensmaterials:cedar_button", "uvlock": true, "x": 90 },
        "facing=up,powered=true":     { "model": "maidensmaterials:cedar_button_pressed", "uvlock": true },
        "facing=down,powered=true":   { "model": "maidensmaterials:cedar_button_pressed", "uvlock": true, "x": 180 },
        "facing=east,powered=true":   { "model": "maidensmaterials:cedar_button_pressed", "uvlock": true, "x": 90, "y": 90 },
        "facing=west,powered=true":   { "model": "maidensmaterials:cedar_button_pressed", "uvlock": true, "x": 90, "y": 270 },
        "facing=south,powered=true":  { "model": "maidensmaterials:cedar_button_pressed", "uvlock": true, "x": 90, "y": 180 },
        "facing=north,powered=true":  { "model": "maidensmaterials:cedar_button_pressed", "uvlock": true, "x": 90 }
    }
}