{
    "variants": {
        "age=0,facing=south": { "model": "maidensmaterials:fairy_glow_cup_age_0" },
        "age=0,facing=west": { "model": "maidensmaterials:fairy_glow_cup_age_0", "y": 90 },
        "age=0,facing=north": { "model": "maidensmaterials:fairy_glow_cup_age_0", "y": 180 },
        "age=0,facing=east": { "model": "maidensmaterials:fairy_glow_cup_age_0", "y": 270 },
        "age=1,facing=south": { "model": "maidensmaterials:fairy_glow_cup_age_1" },
        "age=1,facing=west": { "model": "maidensmaterials:fairy_glow_cup_age_1", "y": 90 },
        "age=1,facing=north": { "model": "maidensmaterials:fairy_glow_cup_age_1", "y": 180 },
        "age=1,facing=east": { "model": "maidensmaterials:fairy_glow_cup_age_1", "y": 270 },
        "age=2,facing=south": { "model": "maidensmaterials:fairy_glow_cup" },
        "age=2,facing=west": { "model": "maidensmaterials:fairy_glow_cup", "y": 90 },
        "age=2,facing=north": { "model": "maidensmaterials:fairy_glow_cup", "y": 180 },
        "age=2,facing=east": { "model": "maidensmaterials:fairy_glow_cup", "y": 270 }
    }
}
